
--
-- Estructura de tabla para la tabla `comunas`
--

CREATE TABLE IF NOT EXISTS `comunas` (
  `id` smallint(5) unsigned zerofill NOT NULL,
  `provincia` tinyint(3) unsigned zerofill NOT NULL,
  `name` tinytext NOT NULL,
  PRIMARY KEY (`id`)
) ENGINE=InnoDB DEFAULT CHARSET=utf8;

--
-- Volcar la base de datos para la tabla `comunas`
--

INSERT INTO `comunas` (`id`, `provincia`, `name`) VALUES
(01101, 011, 'Iquique'),
(01107, 011, 'Alto Hospicio'),
(01401, 014, 'Pozo Almonte'),
(01402, 014, 'CamiÃ±a'),
(01403, 014, 'Colchane'),
(01404, 014, 'Huara'),
(01405, 014, 'Pica'),
(02101, 021, 'Antofagasta'),
(02102, 021, 'Mejillones'),
(02103, 021, 'Sierra Gorda'),
(02104, 021, 'Taltal'),
(02201, 022, 'Calama'),
(02202, 022, 'OllagÃ¼e'),
(02203, 022, 'San Pedro de Atacama'),
(02301, 023, 'Tocopilla'),
(02302, 023, 'MarÃ­a Elena'),
(03101, 031, 'CopiapÃ³'),
(03102, 031, 'Caldera'),
(03103, 031, 'Tierra Amarilla'),
(03201, 032, 'ChaÃ±aral'),
(03202, 032, 'Diego de Almagro'),
(03301, 033, 'Vallenar'),
(03302, 033, 'Alto del Carmen'),
(03303, 033, 'Freirina'),
(03304, 033, 'Huasco'),
(04101, 041, 'La Serena'),
(04102, 041, 'Coquimbo'),
(04103, 041, 'Andacollo'),
(04104, 041, 'La Higuera'),
(04105, 041, 'Paiguano'),
(04106, 041, 'VicuÃ±a'),
(04201, 042, 'Illapel'),
(04202, 042, 'Canela'),
(04203, 042, 'Los Vilos'),
(04204, 042, 'Salamanca'),
(04301, 043, 'Ovalle'),
(04302, 043, 'CombarbalÃ¡'),
(04303, 043, 'Monte Patria'),
(04304, 043, 'Punitaqui'),
(04305, 043, 'RÃ­o Hurtado'),
(05101, 051, 'ValparaÃ­so'),
(05102, 051, 'Casablanca'),
(05103, 051, 'ConcÃ³n'),
(05104, 051, 'Juan FernÃ¡ndez'),
(05105, 051, 'PuchuncavÃ­'),
(05106, 051, 'QuilpuÃ©'),
(05107, 051, 'Quintero'),
(05108, 051, 'Villa Alemana'),
(05109, 051, 'ViÃ±a del Mar'),
(05201, 052, 'Isla de Pascua'),
(05301, 053, 'Los Andes'),
(05302, 053, 'Calle Larga'),
(05303, 053, 'Rinconada'),
(05304, 053, 'San Esteban'),
(05401, 054, 'La Ligua'),
(05402, 054, 'Cabildo'),
(05403, 054, 'Papudo'),
(05404, 054, 'Petorca'),
(05405, 054, 'Zapallar'),
(05501, 055, 'Quillota'),
(05502, 055, 'Calera'),
(05503, 055, 'Hijuelas'),
(05504, 055, 'La Cruz'),
(05505, 055, 'Limache'),
(05506, 055, 'Nogales'),
(05507, 055, 'OlmuÃ©'),
(05601, 056, 'San Antonio'),
(05602, 056, 'Algarrobo'),
(05603, 056, 'Cartagena'),
(05604, 056, 'El Quisco'),
(05605, 056, 'El Tabo'),
(05606, 056, 'Santo Domingo'),
(05701, 057, 'San Felipe'),
(05702, 057, 'Catemu'),
(05703, 057, 'Llaillay'),
(05704, 057, 'Panquehue'),
(05705, 057, 'Putaendo'),
(05706, 057, 'Santa MarÃ­a'),
(06101, 061, 'Rancagua'),
(06102, 061, 'Codegua'),
(06103, 061, 'Coinco'),
(06104, 061, 'Coltauco'),
(06105, 061, 'DoÃ±ihue'),
(06106, 061, 'Graneros'),
(06107, 061, 'Las Cabras'),
(06108, 061, 'MachalÃ­'),
(06109, 061, 'Malloa'),
(06110, 061, 'Mostazal'),
(06111, 061, 'Olivar'),
(06112, 061, 'Peumo'),
(06113, 061, 'Pichidegua'),
(06114, 061, 'Quinta de Tilcoco'),
(06115, 061, 'Rengo'),
(06116, 061, 'RequÃ­noa'),
(06117, 061, 'San Vicente'),
(06201, 062, 'Pichilemu'),
(06202, 062, 'La Estrella'),
(06203, 062, 'Litueche'),
(06204, 062, 'Marchihue'),
(06205, 062, 'Navidad'),
(06206, 062, 'Paredones'),
(06301, 063, 'San Fernando'),
(06302, 063, 'ChÃ©pica'),
(06303, 063, 'Chimbarongo'),
(06304, 063, 'Lolol'),
(06305, 063, 'Nancagua'),
(06306, 063, 'Palmilla'),
(06307, 063, 'Peralillo'),
(06308, 063, 'Placilla'),
(06309, 063, 'Pumanque'),
(06310, 063, 'Santa Cruz'),
(07101, 071, 'Talca'),
(07102, 071, 'ConstituciÃ³n'),
(07103, 071, 'Curepto'),
(07104, 071, 'Empedrado'),
(07105, 071, 'Maule'),
(07106, 071, 'Pelarco'),
(07107, 071, 'Pencahue'),
(07108, 071, 'RÃ­o Claro'),
(07109, 071, 'San Clemente'),
(07110, 071, 'San Rafael'),
(07201, 072, 'Cauquenes'),
(07202, 072, 'Chanco'),
(07203, 072, 'Pelluhue'),
(07301, 073, 'CuricÃ³'),
(07302, 073, 'HualaÃ±Ã©'),
(07303, 073, 'LicatÃ©n'),
(07304, 073, 'Molina'),
(07305, 073, 'Rauco'),
(07306, 073, 'Romeral'),
(07307, 073, 'Sagrada Familia'),
(07308, 073, 'Teno'),
(07309, 073, 'VichuquÃ©n'),
(07401, 074, 'Linares'),
(07402, 074, 'ColbÃºn'),
(07403, 074, 'LongavÃ­'),
(07404, 074, 'Parral'),
(07405, 074, 'Retiro'),
(07406, 074, 'San Javier'),
(07407, 074, 'Villa Alegre'),
(07408, 074, 'Yerbas Buenas'),
(08101, 081, 'ConcepciÃ³n'),
(08102, 081, 'Coronel'),
(08103, 081, 'Chiguayante'),
(08104, 081, 'Florida'),
(08105, 081, 'Hualqui'),
(08106, 081, 'Lota'),
(08107, 081, 'Penco'),
(08108, 081, 'San Pedro de la Paz'),
(08109, 081, 'Santa Juana'),
(08110, 081, 'Talcahuano'),
(08111, 081, 'TomÃ©'),
(08112, 081, 'HualpÃ©n'),
(08201, 082, 'Lebu'),
(08202, 082, 'Arauco'),
(08203, 082, 'CaÃ±ete'),
(08204, 082, 'Contulmo'),
(08205, 082, 'Curanilahue'),
(08206, 082, 'Los Alamos'),
(08207, 082, 'TirÃºa'),
(08301, 083, 'Los Angeles'),
(08302, 083, 'Antuco'),
(08303, 083, 'Cabrero'),
(08304, 083, 'Laja'),
(08305, 083, 'MulchÃ©n'),
(08306, 083, 'Nacimiento'),
(08307, 083, 'Negrete'),
(08308, 083, 'Quilaco'),
(08309, 083, 'Quilleco'),
(08310, 083, 'San Rosendo'),
(08311, 083, 'Santa BÃ¡rbara'),
(08312, 083, 'Tucapel'),
(08313, 083, 'Yumbel'),
(08314, 083, 'Alto BiobÃ­o'),
(08401, 084, 'ChillÃ¡n'),
(08402, 084, 'Bulnes'),
(08403, 084, 'Cobquecura'),
(08404, 084, 'Coelemu'),
(08405, 084, 'Coihueco'),
(08406, 084, 'ChillÃ¡n Viejo'),
(08407, 084, 'El Carmen'),
(08408, 084, 'Ninhue'),
(08409, 084, 'Ã‘iquÃ©n'),
(08410, 084, 'Pemuco'),
(08411, 084, 'Pinto'),
(08412, 084, 'Portezuelo'),
(08413, 084, 'QuillÃ³n'),
(08414, 084, 'Quirihue'),
(08415, 084, 'RÃ¡nquil'),
(08416, 084, 'San Carlos'),
(08417, 084, 'San FabiÃ¡n'),
(08418, 084, 'San Ignacio'),
(08419, 084, 'San NicolÃ¡s'),
(08420, 084, 'Treguaco'),
(08421, 084, 'Yungay'),
(09101, 091, 'Temuco'),
(09102, 091, 'Carahue'),
(09103, 091, 'Cunco'),
(09104, 091, 'Curarrehue'),
(09105, 091, 'Freire'),
(09106, 091, 'Galvarino'),
(09107, 091, 'Gorbea'),
(09108, 091, 'Lautaro'),
(09109, 091, 'Loncoche'),
(09110, 091, 'Melipeuco'),
(09111, 091, 'Nueva Imperial'),
(09112, 091, 'Padre Las Casas'),
(09113, 091, 'Perquenco'),
(09114, 091, 'PitrufquÃ©n'),
(09115, 091, 'PucÃ³n'),
(09116, 091, 'Saavedra'),
(09117, 091, 'Teodoro Schmidt'),
(09118, 091, 'ToltÃ©n'),
(09119, 091, 'VilcÃºn'),
(09120, 091, 'Villarrica'),
(09121, 091, 'Cholchol'),
(09201, 092, 'Angol'),
(09202, 092, 'Collipulli'),
(09203, 092, 'CuracautÃ­n'),
(09204, 092, 'Ercilla'),
(09205, 092, 'Lonquimay'),
(09206, 092, 'Los Sauces'),
(09207, 092, 'Lumaco'),
(09208, 092, 'PurÃ©n'),
(09209, 092, 'Renaico'),
(09210, 092, 'TraiguÃ©n'),
(09211, 092, 'Victoria'),
(10101, 101, 'Puerto Montt'),
(10102, 101, 'Calbuco'),
(10103, 101, 'CochamÃ³'),
(10104, 101, 'Fresia'),
(10105, 101, 'Frutillar'),
(10106, 101, 'Los Muermos'),
(10107, 101, 'Llanquihue'),
(10108, 101, 'MaullÃ­n'),
(10109, 101, 'Puerto Varas'),
(10201, 102, 'Castro'),
(10202, 102, 'Ancud'),
(10203, 102, 'Chonchi'),
(10204, 102, 'Curaco VÃ©lez'),
(10205, 102, 'Dalcahue'),
(10206, 102, 'PuqueldÃ³n'),
(10207, 102, 'QueilÃ©n'),
(10208, 102, 'QuellÃ³n'),
(10209, 102, 'Quemchi'),
(10210, 102, 'Quinchao'),
(10301, 103, 'Osorno'),
(10302, 103, 'Puerto Octay'),
(10303, 103, 'Purranque'),
(10304, 103, 'Puyehue'),
(10305, 103, 'RÃ­o Negro'),
(10306, 103, 'San Juan de la Costa'),
(10307, 103, 'San Pablo'),
(10401, 104, 'ChaitÃ©n'),
(10402, 104, 'FutaleufÃº'),
(10403, 104, 'HualaihuÃ©'),
(10404, 104, 'Palena'),
(11101, 111, 'Coihaique'),
(11102, 111, 'Lago Verde'),
(11201, 112, 'AisÃ©n'),
(11202, 112, 'Cisnes'),
(11203, 112, 'Guaitecas'),
(11301, 113, 'Cochrane'),
(11302, 113, 'O''Higgins'),
(11303, 113, 'Tortel'),
(11401, 114, 'Chile Chico'),
(11402, 114, 'RÃ­o IbÃ¡Ã±ez'),
(12101, 121, 'Punta Arenas'),
(12102, 121, 'Laguna Blanca'),
(12103, 121, 'RÃ­o Verde'),
(12104, 121, 'San Gregorio'),
(12201, 122, 'Cabo de Hornos'),
(12202, 122, 'AntÃ¡rtica'),
(12301, 123, 'Porvenir'),
(12302, 123, 'Primavera'),
(12303, 123, 'Timaukel'),
(12401, 124, 'Natales'),
(12402, 124, 'Torres del Paine'),
(13101, 131, 'Santiago'),
(13102, 131, 'Cerrillos'),
(13103, 131, 'Cerro Navia'),
(13104, 131, 'ConchalÃ­'),
(13105, 131, 'El Bosque'),
(13106, 131, 'EstaciÃ³n Central'),
(13107, 131, 'Huechuraba'),
(13108, 131, 'Independencia'),
(13109, 131, 'La Cisterna'),
(13110, 131, 'La Florida'),
(13111, 131, 'La Granja'),
(13112, 131, 'La Pintana'),
(13113, 131, 'La Reina'),
(13114, 131, 'Las Condes'),
(13115, 131, 'Lo Barnechea'),
(13116, 131, 'Lo Espejo'),
(13117, 131, 'Lo Prado'),
(13118, 131, 'Macul'),
(13119, 131, 'MaipÃº'),
(13120, 131, 'Ã‘uÃ±oa'),
(13121, 131, 'Pedro Aguirre Cerda'),
(13122, 131, 'PeÃ±alolÃ©n'),
(13123, 131, 'Providencia'),
(13124, 131, 'Pudahuel'),
(13125, 131, 'Quilicura'),
(13126, 131, 'Quinta Normal'),
(13127, 131, 'Recoleta'),
(13128, 131, 'Renca'),
(13129, 131, 'San JoaquÃ­n'),
(13130, 131, 'San Miguel'),
(13131, 131, 'San RamÃ³n'),
(13132, 131, 'Vitacura'),
(13201, 132, 'Puente Alto'),
(13202, 132, 'Pirque'),
(13203, 132, 'San JosÃ© de Maipo'),
(13301, 133, 'Colina'),
(13302, 133, 'Lampa'),
(13303, 133, 'Tiltil'),
(13401, 134, 'San Bernardo'),
(13402, 134, 'Buin'),
(13403, 134, 'Calera de Tango'),
(13404, 134, 'Paine'),
(13501, 135, 'Melipilla'),
(13502, 135, 'AlhuÃ©'),
(13503, 135, 'CuracavÃ­'),
(13504, 135, 'MarÃ­a Pinto'),
(13505, 135, 'San Pedro'),
(13601, 136, 'Talagante'),
(13602, 136, 'El Monte'),
(13603, 136, 'Isla de Maipo'),
(13604, 136, 'Padre Hurtado'),
(13605, 136, 'PeÃ±aflor'),
(14101, 141, 'Valdivia'),
(14102, 141, 'Corral'),
(14103, 141, 'Lanco'),
(14104, 141, 'Los Lagos'),
(14105, 141, 'MÃ¡fil'),
(14106, 141, 'Mariquina'),
(14107, 141, 'Paillaco'),
(14108, 141, 'Panguipulli'),
(14201, 142, 'La uniÃ³n'),
(14202, 142, 'Futrono'),
(14203, 142, 'Lago Ranco'),
(14204, 142, 'RÃ­o Bueno'),
(15101, 151, 'Arica'),
(15102, 151, 'Camarones'),
(15201, 152, 'Putre'),
(15202, 152, 'General Lagos');

-- --------------------------------------------------------

--
-- Estructura de tabla para la tabla `provincias`
--

CREATE TABLE IF NOT EXISTS `provincias` (
  `id` tinyint(3) unsigned zerofill NOT NULL,
  `region` tinyint(2) unsigned zerofill NOT NULL,
  `name` tinytext NOT NULL,
  PRIMARY KEY (`id`)
) ENGINE=InnoDB DEFAULT CHARSET=utf8;

--
-- Volcar la base de datos para la tabla `provincias`
--

INSERT INTO `provincias` (`id`, `region`, `name`) VALUES
(011, 01, 'Iquique'),
(014, 01, 'Tamarugal'),
(021, 02, 'Antofagasta'),
(022, 02, 'El Loa'),
(023, 02, 'Tocopilla'),
(031, 03, 'CopiapÃ³'),
(032, 03, 'ChaÃ±aral'),
(033, 03, 'Huasco'),
(041, 04, 'Elqui'),
(042, 04, 'Choapa'),
(043, 04, 'LimarÃ­'),
(051, 05, 'ValparaÃ­so'),
(052, 05, 'Isla de Pascua'),
(053, 05, 'Los Andes'),
(054, 05, 'Petorca'),
(055, 05, 'Quillota'),
(056, 05, 'San Antonio'),
(057, 05, 'San Felipe de Aconcagua'),
(061, 06, 'Cachapoal'),
(062, 06, 'Cardenal Caro'),
(063, 06, 'Colchagua'),
(071, 07, 'Talca'),
(072, 07, 'Cauquenes'),
(073, 07, 'CuricÃ³'),
(074, 07, 'Linares'),
(081, 08, 'ConcepciÃ³n'),
(082, 08, 'Arauco'),
(083, 08, 'BiobÃ­o'),
(084, 08, 'Ã‘uble'),
(091, 09, 'CautÃ­n'),
(092, 09, 'Malleco'),
(101, 10, 'Llanquihue'),
(102, 10, 'ChiloÃ©'),
(103, 10, 'Osorno'),
(104, 10, 'Palena'),
(111, 11, 'Coihaique'),
(112, 11, 'AisÃ©n'),
(113, 11, 'CapitÃ¡n Prat'),
(114, 11, 'General Carrera'),
(121, 12, 'Magallanes'),
(122, 12, 'AntÃ¡rtica Chilena'),
(123, 12, 'Tierra del Fuego'),
(124, 12, 'Ultima Esperanza'),
(131, 13, 'Santiago'),
(132, 13, 'Cordillera'),
(133, 13, 'Chacabuco'),
(134, 13, 'Maipo'),
(135, 13, 'Melipilla'),
(136, 13, 'Talagante'),
(141, 14, 'Valdivia'),
(142, 14, 'Ranco'),
(151, 15, 'Arica'),
(152, 15, 'Parinacota');

-- --------------------------------------------------------

--
-- Estructura de tabla para la tabla `regiones`
--

CREATE TABLE IF NOT EXISTS `regiones` (
  `id` tinyint(2) unsigned zerofill NOT NULL,
  `name` tinytext NOT NULL,
  PRIMARY KEY (`id`)
) ENGINE=InnoDB DEFAULT CHARSET=utf8;

--
-- Volcar la base de datos para la tabla `regiones`
--

INSERT INTO `regiones` (`id`, `name`) VALUES
(01, 'TarapacÃ¡'),
(02, 'Antofagasta'),
(03, 'Atacama'),
(04, 'Coquimbo'),
(05, 'ValparaÃ­so'),
(06, 'Región del Libertador Gral. Bernardo O''Higgins'),
(07, 'RegiÃ³n del Maule'),
(08, 'RegiÃ³n del BiobÃ­o'),
(09, 'RegiÃ³n de La AraucanÃ­a'),
(10, 'RegiÃ³n de Los Lagos'),
(11, 'RegiÃ³n AisÃ©n del Gral. Carlos IbaÃ±ez del Campo'),
(12, 'RegiÃ³n de Magallanes y de la AntÃ¡rtica Chilena'),
(13, 'RegiÃ³n Metropolitana de Santiago'),
(14, 'RegiÃ³n de Los RÃ­os'),
(15, 'Arica y Parinacota');

-- --------------------------------------------------------

--
-- Estructura de tabla para la tabla `schools`
--

CREATE TABLE IF NOT EXISTS `schools` (
  `rbd` int(4) unsigned NOT NULL,
  `comuna` smallint(5) unsigned zerofill NOT NULL,
  `departamento_provincial` tinytext NOT NULL,
  `establecimiento` tinytext NOT NULL,
  `direccion` tinytext NOT NULL,
  `ubicacion` tinytext NOT NULL,
  `matricula` int(5) unsigned NOT NULL,
  `ingreso` date NOT NULL,
  `utm_x` varchar(20) NOT NULL,
  `utm_y` varchar(20) NOT NULL,
  `lat` varchar(20) NOT NULL,
  `lng` varchar(20) NOT NULL,
  PRIMARY KEY (`rbd`)
) ENGINE=InnoDB DEFAULT CHARSET=utf8;